body_part,equipment,name,muscle_group,difficulty,id
legs,barbell,barbell full squat (back pov),glutes,9.0,1
chest,body weight,full planche push-up,pectorals,9.0,2
legs,barbell,barbell deadlift,glutes,9.0,3
legs,barbell,barbell high bar squat,glutes,9.0,4
legs,barbell,barbell full squat,glutes,9.0,5
legs,barbell,barbell low bar squat,glutes,9.0,6
abs,body weight,full planche,abs,9.0,7
abs,body weight,full maltese,abs,9.0,8
back,body weight,kipping muscle up,lats,9.0,9
legs,barbell,barbell full squat (side pov),glutes,9.0,10
shoulders,barbell,barbell thruster,delts,8.0,11
back,body weight,one arm chin-up,lats,8.0,12
legs,barbell,barbell sumo deadlift,glutes,8.0,13
legs,barbell,barbell straight leg deadlift,hamstrings,8.0,14
legs,barbell,barbell full zercher squat,glutes,8.0,15
chest,barbell,barbell wide bench press,pectorals,8.0,16
chest,barbell,barbell wide reverse grip bench press,pectorals,8.0,17
legs,barbell,barbell front squat,glutes,8.0,18
arms,body weight,impossible dips,triceps,8.0,19
legs,barbell,barbell rack pull,glutes,8.0,20
back,body weight,muscle up,lats,8.0,21
back,body weight,muscle-up (on vertical bar),lats,8.0,22
back,body weight,back lever,upper back,8.0,23
chest,barbell,barbell decline bench press,pectorals,8.0,24
legs,barbell,barbell squat jump step rear lunge,quads,8.0,25
legs,barbell,barbell squat (on knees),quads,8.0,26
legs,barbell,barbell speed squat,glutes,8.0,27
shoulders,barbell,barbell skier,delts,8.0,28
legs,barbell,barbell clean-grip front squat,glutes,8.0,29
legs,barbell,barbell narrow stance squat,glutes,8.0,30
legs,barbell,barbell clean and press,quads,8.0,31
cardio,body weight,jack burpee,cardiovascular system,8.0,32
cardio,body weight,jack jump (male),cardiovascular system,8.0,33
legs,barbell,barbell bench squat,quads,8.0,34
chest,barbell,barbell bench press,pectorals,8.0,35
legs,barbell,barbell romanian deadlift,glutes,8.0,36
legs,barbell,barbell wide squat,quads,8.0,37
cardio,body weight,burpee,cardiovascular system,8.0,38
arms,body weight,handstand push-up,triceps,8.0,39
arms,barbell,barbell jm bench press,triceps,8.0,40
abs,body weight,lean planche,abs,8.0,41
back,body weight,archer pull up,lats,8.0,42
shoulders,barbell,barbell one arm snatch,delts,8.0,43
legs,kettlebell,kettlebell turkish get up (squat style),glutes,8.0,44
back,body weight,close grip chin-up,lats,8.0,45
legs,barbell,barbell overhead squat,quads,8.0,46
back,rope,rope climb,upper back,8.0,47
arms,barbell,barbell incline close grip bench press,triceps,8.0,48
legs,barbell,barbell jefferson squat,glutes,8.0,49
chest,barbell,barbell incline bench press,pectorals,8.0,50
back,body weight,l-pull-up,lats,8.0,51
abs,body weight,front lever,abs,8.0,52
legs,barbell,barbell hack squat,glutes,8.0,53
legs,barbell,power clean,hamstrings,8.0,54
chest,barbell,barbell guillotine bench press,pectorals,8.0,55
legs,cable,cable deadlift,glutes,8.0,56
legs,barbell,barbell zercher squat,glutes,8.0,57
legs,barbell,barbell jump squat,glutes,8.0,58
legs,body weight,bodyweight drop jump squat,glutes,8.0,59
cardio,body weight,astride jumps (male),cardiovascular system,8.0,60
arms,cable,cable standing pulldown (with rope),biceps,7.0,61
chest,body weight,korean dips,pectorals,7.0,62
legs,cable,cable standing hip extension,glutes,7.0,63
chest,cable,cable standing fly,pectorals,7.0,64
shoulders,cable,cable standing cross-over high reverse fly,delts,7.0,65
back,cable,cable squat row (with rope attachment),lats,7.0,66
abs,cable,cable side bend crunch (bosu ball),abs,7.0,67
chest,body weight,chest tap push-up (male),pectorals,7.0,68
shoulders,cable,cable shoulder press,delts,7.0,69
chest,body weight,chest dip on straight bar,pectorals,7.0,70
chest,body weight,chest dip,pectorals,7.0,71
chest,body weight,chest dip (on dip-pull-up cage),pectorals,7.0,72
back,cable,cable underhand pulldown,lats,7.0,73
back,leverage machine,lever assisted chin-up,lats,7.0,74
shoulders,body weight,left hook. boxing,delts,7.0,75
back,cable,cable seated row,upper back,7.0,76
shoulders,cable,cable upright row,delts,7.0,77
back,cable,cable upper row,upper back,7.0,78
chest,cable,cable upper chest crossovers,pectorals,7.0,79
back,cable,cable thibaudeau kayak row,lats,7.0,80
shoulders,cable,cable standing rear delt row (with rope),delts,7.0,81
shoulders,cable,cable supine reverse fly,delts,7.0,82
back,cable,cable straight back seated row,upper back,7.0,83
chest,cable,cable standing up straight crossovers,pectorals,7.0,84
back,cable,cable standing twist row (v-bar),upper back,7.0,85
back,cable,cable wide grip rear pulldown behind neck,lats,7.0,86
back,cable,cable standing row (v-bar),upper back,7.0,87
back,cable,cable seated wide-grip row,upper back,7.0,88
back,body weight,mixed grip chin-up,lats,7.0,89
back,cable,cable seated high row (v-bar),lats,7.0,90
arms,cable,cable high pulley overhead tricep extension,triceps,7.0,91
back,cable,cable low seated row,upper back,7.0,92
chest,cable,cable low fly,pectorals,7.0,93
back,cable,cable lateral pulldown with v-bar,lats,7.0,94
back,cable,cable lateral pulldown (with rope attachment),lats,7.0,95
back,cable,cable lat pulldown full range of motion,lats,7.0,96
abs,cable,cable judo flip,abs,7.0,97
back,cable,cable incline pushdown,lats,7.0,98
chest,cable,cable incline fly (on stability ball),pectorals,7.0,99
chest,cable,cable incline fly,pectorals,7.0,100
back,cable,cable incline bench row,upper back,7.0,101
chest,cable,cable incline bench press,pectorals,7.0,102
back,cable,cable high row (kneeling),upper back,7.0,103
back,body weight,pull up (neutral grip),lats,7.0,104
chest,cable,cable seated chest press,pectorals,7.0,105
back,body weight,pull-up,lats,7.0,106
back,cable,cable floor seated wide-grip row,upper back,7.0,107
back,cable,cable decline seated wide-grip row,upper back,7.0,108
chest,cable,cable decline press,pectorals,7.0,109
chest,cable,cable decline one arm press,pectorals,7.0,110
chest,cable,cable decline fly,pectorals,7.0,111
chest,cable,cable cross-over variation,pectorals,7.0,112
back,cable,cable cross-over lateral pulldown,lats,7.0,113
chest,cable,cable bench press,pectorals,7.0,114
back,cable,cable bar lateral pulldown,lats,7.0,115
arms,cable,cable alternate triceps extension,triceps,7.0,116
shoulders,cable,cable alternate shoulder press,delts,7.0,117
back,cable,cable lying extension pullover (with rope attachment),lats,7.0,118
chest,cable,cable lying fly,pectorals,7.0,119
chest,cable,cable middle fly,pectorals,7.0,120
chest,cable,cable one arm decline chest fly,pectorals,7.0,121
back,cable,cable rope seated row,upper back,7.0,122
arms,cable,cable rope lying on floor tricep extension,triceps,7.0,123
arms,cable,cable rope incline tricep extension,triceps,7.0,124
arms,cable,cable rope high pulley overhead tricep extension,triceps,7.0,125
back,cable,cable rope extension incline bench row,upper back,7.0,126
back,cable,cable rope elevated seated row,upper back,7.0,127
back,cable,cable rope crossover seated row,upper back,7.0,128
back,cable,cable reverse-grip straight back seated high row,upper back,7.0,129
back,cable,cable rear pulldown,lats,7.0,130
arms,cable,cable rear drive,triceps,7.0,131
shoulders,cable,cable rear delt row (stirrups),delts,7.0,132
arms,cable,cable pulldown bicep curl,biceps,7.0,133
back,cable,cable pulldown (pro lat bar),lats,7.0,134
back,cable,cable pulldown,lats,7.0,135
legs,cable,cable pull through (with rope),glutes,7.0,136
chest,cable,cable press on exercise ball,pectorals,7.0,137
arms,cable,cable overhead triceps extension (rope attachment),triceps,7.0,138
back,cable,cable one arm straight back high row (kneeling),upper back,7.0,139
back,cable,cable one arm pulldown,lats,7.0,140
chest,cable,cable one arm press on exercise ball,pectorals,7.0,141
arms,body weight,one arm dip,triceps,7.0,142
chest,cable,cable one arm incline press on exercise ball,pectorals,7.0,143
chest,cable,cable one arm incline press,pectorals,7.0,144
chest,cable,cable one arm incline fly on exercise ball,pectorals,7.0,145
chest,cable,cable one arm fly on exercise ball,pectorals,7.0,146
back,body weight,chin-up,lats,7.0,147
abs,body weight,3/4 sit-up,abs,7.0,148
back,body weight,chin-ups (narrow parallel grip),upper back,7.0,149
chest,body weight,clap push up,pectorals,7.0,150
arms,body weight,handstand,triceps,7.0,151
back,dumbbell,dumbbell lying rear delt row,upper back,7.0,152
chest,dumbbell,dumbbell lying pullover on exercise ball,pectorals,7.0,153
abs,body weight,hanging leg hip raise,abs,7.0,154
abs,body weight,hanging leg raise,abs,7.0,155
abs,body weight,hanging oblique knee raise,abs,7.0,156
abs,body weight,hanging pike,abs,7.0,157
abs,body weight,hanging straight leg hip raise,abs,7.0,158
chest,dumbbell,dumbbell lying one arm press v. 2,pectorals,7.0,159
chest,dumbbell,dumbbell lying one arm press,pectorals,7.0,160
abs,body weight,hanging straight leg raise,abs,7.0,161
abs,body weight,hanging straight twisting leg hip raise,abs,7.0,162
chest,dumbbell,dumbbell lying hammer press,pectorals,7.0,163
arms,dumbbell,dumbbell lying elbow press,triceps,7.0,164
shoulders,dumbbell,dumbbell iron cross,delts,7.0,165
arms,dumbbell,dumbbell incline two arm extension,triceps,7.0,166
chest,dumbbell,dumbbell incline twisted flyes,pectorals,7.0,167
back,dumbbell,dumbbell incline shrug,traps,7.0,168
chest,dumbbell,dumbbell incline shoulder raise,serratus anterior,7.0,169
back,dumbbell,dumbbell incline row,upper back,7.0,170
shoulders,dumbbell,dumbbell incline rear lateral raise,delts,7.0,171
legs,body weight,inverse leg curl (bench support),hamstrings,7.0,172
chest,dumbbell,dumbbell incline press on exercise ball,pectorals,7.0,173
chest,dumbbell,dumbbell incline palm-in press,pectorals,7.0,174
chest,dumbbell,dumbbell incline one arm press on exercise ball,pectorals,7.0,175
legs,body weight,glute-ham raise,hamstrings,7.0,176
arms,dumbbell,dumbbell neutral grip bench press,triceps,7.0,177
back,body weight,gironda sternum chin,lats,7.0,178
chest,dumbbell,dumbbell reverse bench press,pectorals,7.0,179
shoulders,dumbbell,dumbbell standing alternate overhead press,delts,7.0,180
legs,dumbbell,dumbbell single leg deadlift,glutes,7.0,181
shoulders,dumbbell,dumbbell single arm overhead carry,delts,7.0,182
shoulders,dumbbell,dumbbell seated shoulder press (parallel grip),delts,7.0,183
shoulders,dumbbell,dumbbell seated shoulder press,delts,7.0,184
shoulders,dumbbell,dumbbell standing overhead press,delts,7.0,185
arms,dumbbell,dumbbell step up single leg balance with bicep curl,biceps,7.0,186
legs,dumbbell,dumbbell stiff leg deadlift,glutes,7.0,187
legs,dumbbell,dumbbell straight leg deadlift,glutes,7.0,188
legs,dumbbell,dumbbell sumo pull through,glutes,7.0,189
arms,dumbbell,dumbbell seated biceps curl to shoulder press,biceps,7.0,190
shoulders,dumbbell,dumbbell push press,delts,7.0,191
chest,dumbbell,dumbbell one arm decline chest press,pectorals,7.0,192
shoulders,ez barbell,ez barbell anti gravity press,delts,7.0,193
chest,dumbbell,dumbbell press on exercise ball,pectorals,7.0,194
arms,dumbbell,dumbbell palms in incline bench press,triceps,7.0,195
legs,dumbbell,dumbbell one arm snatch,glutes,7.0,196
shoulders,dumbbell,dumbbell one arm shoulder press v. 2,delts,7.0,197
shoulders,dumbbell,dumbbell one arm shoulder press,delts,7.0,198
legs,dumbbell,farmers walk,quads,7.0,199
abs,body weight,flag,abs,7.0,200
abs,body weight,frog planche,abs,7.0,201
chest,dumbbell,dumbbell one arm incline chest press,pectorals,7.0,202
back,body weight,front lever reps,upper back,7.0,203
chest,dumbbell,dumbbell incline one arm press,pectorals,7.0,204
legs,body weight,inverse leg curl (on pull-up cable machine),hamstrings,7.0,205
arms,dumbbell,dumbbell incline one arm hammer press on exercise ball,triceps,7.0,206
shoulders,kettlebell,kettlebell one arm jerk,delts,7.0,207
arms,dumbbell,dumbbell close grip press,triceps,7.0,208
legs,dumbbell,dumbbell clean,glutes,7.0,209
cardio,dumbbell,dumbbell burpee,cardiovascular system,7.0,210
shoulders,kettlebell,kettlebell double snatch,delts,7.0,211
shoulders,kettlebell,kettlebell one arm clean and jerk,delts,7.0,212
back,dumbbell,dumbbell bent over row,upper back,7.0,213
legs,dumbbell,dumbbell bench squat,glutes,7.0,214
shoulders,dumbbell,dumbbell bench seated press,delts,7.0,215
chest,dumbbell,dumbbell bench press,pectorals,7.0,216
shoulders,dumbbell,dumbbell arnold press v. 2,delts,7.0,217
shoulders,dumbbell,dumbbell arnold press,delts,7.0,218
shoulders,kettlebell,kettlebell one arm push press,delts,7.0,219
shoulders,kettlebell,kettlebell double push press,delts,7.0,220
shoulders,kettlebell,kettlebell one arm snatch,delts,7.0,221
shoulders,kettlebell,kettlebell pirate supper legs,delts,7.0,222
legs,kettlebell,kettlebell pistol squat,glutes,7.0,223
legs,body weight,box jump down with one leg stabilization,calves,7.0,224
chest,body weight,drop push up,pectorals,7.0,225
arms,body weight,diamond push-up,triceps,7.0,226
chest,dumbbell,deep push up,pectorals,7.0,227
chest,body weight,decline push-up,pectorals,7.0,228
shoulders,kettlebell,kettlebell thruster,delts,7.0,229
legs,barbell,kneeling jump squat,glutes,7.0,230
chest,body weight,clock push-up,pectorals,7.0,231
arms,dumbbell,dumbbell close-grip press,triceps,7.0,232
shoulders,kettlebell,kettlebell double jerk,delts,7.0,233
arms,dumbbell,dumbbell incline one arm hammer press,triceps,7.0,234
arms,dumbbell,dumbbell forward lunge triceps extension,triceps,7.0,235
chest,dumbbell,dumbbell incline one arm fly on exercise ball,pectorals,7.0,236
chest,dumbbell,dumbbell incline one arm fly,pectorals,7.0,237
arms,dumbbell,dumbbell incline hammer press on exercise ball,triceps,7.0,238
chest,dumbbell,dumbbell incline hammer press,pectorals,7.0,239
chest,dumbbell,dumbbell incline fly on exercise ball,pectorals,7.0,240
chest,dumbbell,dumbbell incline fly,pectorals,7.0,241
chest,body weight,isometric wipers,pectorals,7.0,242
chest,dumbbell,dumbbell incline bench press,pectorals,7.0,243
chest,dumbbell,dumbbell incline alternate press,pectorals,7.0,244
legs,body weight,jump squat,glutes,7.0,245
legs,body weight,jump squat v. 2,glutes,7.0,246
chest,dumbbell,dumbbell fly on exercise ball,pectorals,7.0,247
arms,kettlebell,kettlebell double alternating hang clean,biceps,7.0,248
chest,dumbbell,dumbbell fly,pectorals,7.0,249
back,kettlebell,kettlebell alternating renegade row,upper back,7.0,250
back,dumbbell,dumbbell decline shrug v. 2,traps,7.0,251
back,dumbbell,dumbbell decline shrug,traps,7.0,252
arms,dumbbell,dumbbell decline one arm hammer press,triceps,7.0,253
chest,dumbbell,dumbbell decline hammer press,pectorals,7.0,254
chest,dumbbell,dumbbell decline bench press,pectorals,7.0,255
legs,dumbbell,dumbbell deadlift,glutes,7.0,256
shoulders,dumbbell,dumbbell cuban press v. 2,delts,7.0,257
shoulders,dumbbell,dumbbell cuban press,delts,7.0,258
arms,kettlebell,kettlebell bottoms up clean from the hang position,biceps,7.0,259
chest,kettlebell,kettlebell plyo push-up,pectorals,7.0,260
shoulders,cable,cable rear delt row (with rope),delts,7.0,261
abs,body weight,bottoms-up,abs,7.0,262
legs,barbell,barbell side split squat,quads,7.0,263
back,leverage machine,assisted parallel close grip pull-up,lats,7.0,264
shoulders,barbell,barbell rear delt row,delts,7.0,265
back,weighted,weighted one hand pull up,lats,7.0,266
back,barbell,barbell pullover to press,lats,7.0,267
back,barbell,barbell pullover,lats,7.0,268
abs,barbell,barbell press sit-up,abs,7.0,269
arms,barbell,barbell pin presses,triceps,7.0,270
back,weighted,weighted muscle up (on bar),lats,7.0,271
back,barbell,barbell pendlay row,upper back,7.0,272
back,weighted,weighted muscle up,lats,7.0,273
back,leverage machine,assisted pull-up,lats,7.0,274
legs,barbell,barbell one leg squat,quads,7.0,275
legs,barbell,barbell one arm side deadlift,glutes,7.0,276
arms,barbell,barbell one arm floor press,triceps,7.0,277
back,barbell,barbell one arm bent over row,upper back,7.0,278
arms,barbell,barbell lying triceps extension skull crusher,triceps,7.0,279
arms,barbell,barbell lying triceps extension,triceps,7.0,280
arms,barbell,barbell lying preacher curl,biceps,7.0,281
legs,barbell,barbell lying lifting (on hip),glutes,7.0,282
legs,barbell,barbell rear lunge,glutes,7.0,283
legs,barbell,barbell rear lunge v. 2,glutes,7.0,284
arms,barbell,barbell reverse close-grip bench press,triceps,7.0,285
shoulders,barbell,barbell seated bradford rocky press,delts,7.0,286
back,barbell,barbell shrug,traps,7.0,287
arms,barbell,barbell seated overhead triceps extension,triceps,7.0,288
shoulders,barbell,barbell seated overhead press,delts,7.0,289
legs,barbell,barbell seated good morning,glutes,7.0,290
legs,sled machine,sled hack squat,glutes,7.0,291
arms,barbell,barbell seated close grip behind neck triceps extension,triceps,7.0,292
legs,barbell,barbell seated calf raise,calves,7.0,293
legs,barbell,barbell seated calf raise,calves,7.0,294
shoulders,barbell,barbell seated behind head military press,delts,7.0,295
back,barbell,barbell reverse grip bent over row,upper back,7.0,296
legs,weighted,weighted squat,glutes,7.0,297
abs,barbell,barbell rollerout from bench,abs,7.0,298
legs,weighted,weighted sissy squat,quads,7.0,299
legs,sled machine,sled lying squat,glutes,7.0,300
legs,sled machine,sled one leg calf press on leg press,calves,7.0,301
back,barbell,barbell reverse grip incline bench row,upper back,7.0,302
chest,barbell,barbell reverse grip incline bench press,pectorals,7.0,303
chest,barbell,barbell reverse grip decline bench press,pectorals,7.0,304
legs,smith machine,smith deadlift,glutes,7.0,305
arms,barbell,barbell lying close-grip triceps extension,triceps,7.0,306
back,leverage machine,assisted standing chin-up,lats,7.0,307
legs,band,band squat,glutes,7.0,308
back,barbell,barbell bent over row,upper back,7.0,309
cardio,body weight,swing 360,cardiovascular system,7.0,310
legs,barbell,barbell bench front squat,quads,7.0,311
legs,body weight,swimmer kicks v. 2 (male),glutes,7.0,312
back,band,band fixed back close grip pulldown,lats,7.0,313
legs,band,band stiff leg deadlift,glutes,7.0,314
legs,smith machine,smith squat,glutes,7.0,315
back,band,band fixed back underhand pulldown,lats,7.0,316
legs,band,band single leg split squat,quads,7.0,317
arms,barbell,barbell close-grip bench press,triceps,7.0,318
legs,smith machine,smith sumo squat,glutes,7.0,319
abs,body weight,straddle planche,abs,7.0,320
abs,body weight,straddle maltese,abs,7.0,321
cardio,body weight,star jump (male),cardiovascular system,7.0,322
shoulders,band,band shoulder press,delts,7.0,323
legs,barbell,snatch pull,quads,7.0,324
legs,band,band one arm single leg split squat,quads,7.0,325
chest,band,band one arm twisting chest press,pectorals,7.0,326
legs,smith machine,smith low bar squat,glutes,7.0,327
legs,smith machine,smith leg press,glutes,7.0,328
back,leverage machine,assisted standing pull-up,lats,7.0,329
legs,smith machine,smith front squat (clean grip),glutes,7.0,330
arms,barbell,barbell lying close-grip press,triceps,7.0,331
legs,barbell,barbell lunge,glutes,7.0,332
legs,barbell,barbell lateral lunge,glutes,7.0,333
back,barbell,barbell incline row,upper back,7.0,334
arms,barbell,barbell incline reverse-grip press,triceps,7.0,335
legs,barbell,barbell good morning,hamstrings,7.0,336
legs,barbell,barbell glute bridge two legs on bench (male),glutes,7.0,337
legs,barbell,barbell glute bridge,glutes,7.0,338
legs,smith machine,smith full squat,glutes,7.0,339
chest,band,band bench press,pectorals,7.0,340
legs,barbell,barbell front chest squat,glutes,7.0,341
legs,smith machine,smith hack squat,glutes,7.0,342
back,barbell,barbell decline wide-grip pullover,lats,7.0,343
chest,barbell,barbell decline wide-grip press,pectorals,7.0,344
chest,barbell,barbell decline pullover,pectorals,7.0,345
arms,barbell,barbell decline close grip to skull press,triceps,7.0,346
legs,trap bar,trap bar deadlift,glutes,7.0,347
legs,tire,tire flip,glutes,7.0,348
legs,sled machine,sled closer hack squat,glutes,7.0,349
legs,barbell,squat jerk,quads,7.0,350
shoulders,barbell,barbell upright row v. 3,delts,7.0,351
back,body weight,rear pull-up,lats,7.0,352
legs,barbell,barbell step-up,glutes,7.0,353
arms,body weight,body-up,triceps,7.0,354
back,body weight,skin the cat,upper back,7.0,355
shoulders,barbell,barbell standing bradford press,delts,7.0,356
abs,body weight,arms overhead full sit-up (male),abs,7.0,357
shoulders,barbell,barbell standing wide military press,delts,7.0,358
arms,barbell,barbell standing wide grip biceps curl,biceps,7.0,359
back,body weight,bench pull-ups,lats,7.0,360
cardio,body weight,wheel run,cardiovascular system,7.0,361
legs,barbell,barbell standing calf raise,calves,7.0,362
back,body weight,side-to-side chin,lats,7.0,363
legs,sled machine,sled 45 degrees one leg press,glutes,7.0,364
back,body weight,rocky pull-up pulldown,lats,7.0,365
arms,body weight,biceps leg concentration curl,biceps,7.0,366
shoulders,barbell,barbell standing close grip military press,delts,7.0,367
arms,body weight,ring dips,triceps,7.0,368
arms,body weight,biceps pull-up,biceps,7.0,369
back,body weight,bodyweight squatting row (with towel),upper back,7.0,370
arms,barbell,barbell standing overhead triceps extension,triceps,7.0,371
back,body weight,reverse grip pull-up,lats,7.0,372
legs,body weight,single leg squat (pistol) male,glutes,7.0,373
back,cable,alternate lateral pulldown,lats,7.0,374
legs,barbell,barbell split squat v. 2,quads,7.0,375
abs,barbell,barbell standing ab rollerout,abs,7.0,376
cardio,body weight,semi squat jump (male),cardiovascular system,7.0,377
chest,body weight,raise single arm push-up,pectorals,7.0,378
legs,barbell,barbell side split squat v. 2,quads,7.0,379
legs,barbell,barbell single leg deadlift,glutes,7.0,380
shoulders,barbell,barbell wide-grip upright row,delts,7.0,381
legs,barbell,barbell stiff leg good morning,glutes,7.0,382
legs,barbell,barbell single leg split squat,quads,7.0,383
back,body weight,bodyweight standing one arm row (with towel),upper back,7.0,384
shoulders,rope,battling ropes,delts,7.0,385
abs,body weight,wind sprints,abs,7.0,386
back,body weight,bodyweight standing row (with towel),upper back,7.0,387
shoulders,barbell,barbell upright row v. 2,delts,7.0,388
cardio,body weight,scissor jumps (male),cardiovascular system,7.0,389
back,body weight,scapular pull-up,traps,7.0,390
shoulders,barbell,barbell upright row,delts,7.0,391
arms,dumbbell,dumbbell standing one arm reverse curl,biceps,6.0,392
back,body weight,two toe touch (male),spine,6.0,393
arms,dumbbell,dumbbell standing zottman preacher curl,biceps,6.0,394
arms,body weight,triceps press,triceps,6.0,395
abs,body weight,groin crunch,abs,6.0,396
abs,body weight,gorilla chin,abs,6.0,397
arms,dumbbell,dumbbell standing triceps extension,triceps,6.0,398
arms,dumbbell,dumbbell standing preacher curl,biceps,6.0,399
legs,body weight,walking lunge,glutes,6.0,400
abs,body weight,vertical leg raise (on parallel bars),abs,6.0,401
legs,sled machine,hack calf raise,calves,6.0,402
cardio,body weight,walking high knees lunge,cardiovascular system,6.0,403
legs,sled machine,hack one leg calf raise,calves,6.0,404
arms,dumbbell,dumbbell standing reverse curl,biceps,6.0,405
shoulders,dumbbell,dumbbell standing palms in press,delts,6.0,406
arms,weighted,weighted bench dip,triceps,6.0,407
back,weighted,weighted close grip chin-up on dip cage,lats,6.0,408
back,body weight,wide grip pull-up,lats,6.0,409
legs,body weight,suspended split squat,quads,6.0,410
arms,body weight,three bench dip,triceps,6.0,411
arms,dumbbell,dumbbell standing concentration curl,biceps,6.0,412
abs,body weight,suspended abdominal fallout,abs,6.0,413
chest,body weight,incline reverse grip push-up,pectorals,6.0,414
chest,body weight,wide-grip chest dip on high parallel bars,pectorals,6.0,415
arms,dumbbell,dumbbell standing inner biceps curl v. 2,biceps,6.0,416
chest,body weight,incline scapula push up,serratus anterior,6.0,417
chest,body weight,superman push-up,pectorals,6.0,418
shoulders,dumbbell,dumbbell standing front raise above head,delts,6.0,419
legs,dumbbell,dumbbell standing calf raise,calves,6.0,420
chest,body weight,incline push-up (on box),pectorals,6.0,421
legs,body weight,standing calf raise (on a staircase),calves,6.0,422
shoulders,barbell,standing behind neck press,delts,6.0,423
back,body weight,standing archer,upper back,6.0,424
arms,body weight,stalder press,triceps,6.0,425
arms,dumbbell,dumbbell standing biceps curl,biceps,6.0,426
legs,body weight,squat to overhead reach with twist,quads,6.0,427
legs,body weight,squat to overhead reach,quads,6.0,428
chest,body weight,suspended push-up,pectorals,6.0,429
arms,dumbbell,dumbbell standing kickback,triceps,6.0,430
shoulders,dumbbell,dumbbell standing one arm palm in press,delts,6.0,431
legs,body weight,hug keens to chest,glutes,6.0,432
arms,dumbbell,dumbbell standing one arm extension,triceps,6.0,433
arms,dumbbell,dumbbell standing one arm curl over incline bench,biceps,6.0,434
arms,dumbbell,dumbbell standing one arm curl (over incline bench),biceps,6.0,435
legs,body weight,glute bridge two legs on bench (male),glutes,6.0,436
cardio,body weight,high knee against wall,cardiovascular system,6.0,437
abs,body weight,hip raise (bent knee),abs,6.0,438
back,body weight,suspended row,upper back,6.0,439
chest,dumbbell,hyght dumbbell fly,pectorals,6.0,440
chest,body weight,incline push-up,pectorals,6.0,441
back,body weight,hyperextension,spine,6.0,442
back,body weight,hyperextension (on bench),spine,6.0,443
arms,dumbbell,dumbbell standing one arm concentration curl,biceps,6.0,444
arms,body weight,incline close-grip push-up,triceps,6.0,445
abs,body weight,incline leg hip raise (leg straight),abs,6.0,446
back,body weight,wide grip rear pull-up,lats,6.0,447
chest,body weight,incline push up depth jump,pectorals,6.0,448
legs,weighted,weighted cossack squats (male),glutes,6.0,449
back,stability ball,exercise ball back extension with knees off ground,spine,6.0,450
legs,weighted,weighted donkey calf raise,calves,6.0,451
arms,dumbbell,dumbbell zottman preacher curl,biceps,6.0,452
arms,ez barbell,ez bar lying close grip triceps extension behind head,triceps,6.0,453
back,ez barbell,ez bar reverse grip bent over row,upper back,6.0,454
arms,ez barbell,ez bar seated close grip concentration curl,biceps,6.0,455
arms,ez barbell,ez barbell close grip preacher curl,biceps,6.0,456
arms,ez barbell,ez barbell close-grip curl,biceps,6.0,457
arms,ez barbell,ez barbell curl,biceps,6.0,458
abs,weighted,weighted russian twist v. 2,abs,6.0,459
arms,ez barbell,ez barbell decline close grip face press,triceps,6.0,460
shoulders,dumbbell,dumbbell w-press,delts,6.0,461
arms,ez barbell,ez barbell decline triceps extension,triceps,6.0,462
arms,ez barbell,ez barbell incline triceps extension,triceps,6.0,463
arms,ez barbell,ez barbell jm bench press,triceps,6.0,464
arms,ez barbell,ez barbell reverse grip curl,biceps,6.0,465
arms,ez barbell,ez barbell reverse grip preacher curl,biceps,6.0,466
legs,bosu ball,squat on bosu ball,quads,6.0,467
arms,dumbbell,dumbbell zottman curl,biceps,6.0,468
arms,dumbbell,dumbbells seated triceps extension,triceps,6.0,469
back,ez barbell,ez bar lying bent arms pullover,lats,6.0,470
arms,dumbbell,exercise ball supine triceps extension,triceps,6.0,471
chest,weighted,weighted straight bar dip,pectorals,6.0,472
arms,stability ball,exercise ball dip,triceps,6.0,473
legs,weighted,weighted stretch lunge,glutes,6.0,474
back,stability ball,exercise ball back extension with hands behind head,spine,6.0,475
back,stability ball,exercise ball back extension with arms extended,spine,6.0,476
back,body weight,elevator,upper back,6.0,477
legs,dumbbell,exercise ball on the wall calf raise,calves,6.0,478
legs,dumbbell,exercise ball on the wall calf raise (tennis ball between ankles),calves,6.0,479
abs,body weight,elbow-to-knee,abs,6.0,480
legs,dumbbell,exercise ball on the wall calf raise (tennis ball between knees),calves,6.0,481
legs,stability ball,exercise ball one leg prone lower body rotation,glutes,6.0,482
back,body weight,elbow lift - reverse push-up,upper back,6.0,483
legs,stability ball,exercise ball one legged diagonal kick hamstring curl,glutes,6.0,484
chest,stability ball,exercise ball pike push up,pectorals,6.0,485
arms,body weight,elbow dips,triceps,6.0,486
back,stability ball,exercise ball prone leg raise,spine,6.0,487
arms,ez barbell,ez barbell seated triceps extension,triceps,6.0,488
arms,ez barbell,ez barbell spider curl,biceps,6.0,489
abs,wheel roller,wheel rollerout,abs,6.0,490
arms,weighted,weighted triceps dip on high parallel bars,triceps,6.0,491
legs,barbell,frankenstein squat,glutes,6.0,492
abs,body weight,frog crunch,abs,6.0,493
arms,dumbbell,dumbbell tate press,triceps,6.0,494
legs,dumbbell,dumbbell supported squat,quads,6.0,495
arms,weighted,weighted tricep dips,triceps,6.0,496
chest,dumbbell,dumbbell straight arm pullover,pectorals,6.0,497
legs,weighted,weighted lunge with swing,glutes,6.0,498
back,stability ball,exercise ball back extension with rotation,spine,6.0,499
arms,dumbbell,dumbbell waiter biceps curl,biceps,6.0,500
shoulders,weighted,weighted kneeling step with swing,delts,6.0,501
legs,dumbbell,dumbbell step-up split squat,quads,6.0,502
abs,weighted,weighted hanging leg-hip raise,abs,6.0,503
legs,dumbbell,dumbbell step-up lunge,quads,6.0,504
legs,dumbbell,dumbbell step-up,glutes,6.0,505
chest,weighted,weighted drop push up,pectorals,6.0,506
legs,body weight,glute bridge march,glutes,6.0,507
legs,body weight,forward lunge (male),glutes,6.0,508
legs,body weight,forward jump,quads,6.0,509
chest,barbell,floor fly (with barbell),pectorals,6.0,510
arms,dumbbell,dumbbell tricep kickback with stork stance,triceps,6.0,511
arms,ez barbell,ez barbell spider curl,biceps,6.0,512
arms,ez barbell,ez barbell spider curl,biceps,6.0,513
abs,weighted,weighted russian twist (legs up),abs,6.0,514
shoulders,dumbbell,dumbbell upright shoulder external rotation,delts,6.0,515
shoulders,dumbbell,dumbbell upright row (back pov),delts,6.0,516
abs,weighted,weighted russian twist,abs,6.0,517
back,weighted,weighted pull-up,lats,6.0,518
arms,ez barbell,ez barbell spider curl,biceps,6.0,519
arms,ez barbell,ez-bar biceps curl (with arm blaster),biceps,6.0,520
arms,ez barbell,ez-bar close-grip bench press,triceps,6.0,521
arms,ez barbell,ez-barbell standing wide grip biceps curl,biceps,6.0,522
arms,barbell,finger curls,forearms,6.0,523
shoulders,dumbbell,dumbbell upright row,delts,6.0,524
arms,dumbbell,dumbbell twisting bench press,triceps,6.0,525
arms,weighted,weighted three bench dips,triceps,6.0,526
arms,ez barbell,ez barbell seated curls,biceps,6.0,527
legs,kettlebell,kettlebell hang clean,hamstrings,6.0,528
back,body weight,inverted row,upper back,6.0,529
back,leverage machine,lever one arm lateral high row,upper back,6.0,530
abs,body weight,lunge with twist,abs,6.0,531
chest,leverage machine,machine inner chest press,pectorals,6.0,532
legs,sled machine,sled forward angled calf raise,calves,6.0,533
back,medicine ball,medicine ball catch and overhead throw,lats,6.0,534
chest,medicine ball,medicine ball chest pass,pectorals,6.0,535
chest,medicine ball,medicine ball chest push from 3 point stance,pectorals,6.0,536
chest,medicine ball,medicine ball chest push multiple response,pectorals,6.0,537
chest,medicine ball,medicine ball chest push single response,pectorals,6.0,538
chest,medicine ball,medicine ball chest push with run release,pectorals,6.0,539
arms,medicine ball,medicine ball close grip push up,triceps,6.0,540
arms,dumbbell,dumbbell standing bent over one arm triceps extension,triceps,6.0,541
back,medicine ball,medicine ball overhead slam,upper back,6.0,542
arms,medicine ball,medicine ball supine chest throw,triceps,6.0,543
legs,sled machine,sled calf press on leg press,calves,6.0,544
chest,body weight,modified hindu push-up (male),pectorals,6.0,545
arms,skierg machine,ski ergometer,triceps,6.0,546
arms,olympic barbell,olympic barbell triceps extension,triceps,6.0,547
legs,body weight,lunge with jump,glutes,6.0,548
back,leverage machine,lever unilateral row,upper back,6.0,549
back,leverage machine,lever t-bar reverse grip row,upper back,6.0,550
legs,sled machine,sled lying calf press,calves,6.0,551
back,leverage machine,lever reverse grip vertical row,upper back,6.0,552
abs,hammer,sledge hammer,abs,6.0,553
back,leverage machine,lever reverse t-bar row,upper back,6.0,554
legs,leverage machine,lever rotary calf,calves,6.0,555
legs,leverage machine,lever seated calf press,calves,6.0,556
abs,leverage machine,lever seated crunch,abs,6.0,557
abs,leverage machine,lever seated crunch (chest pad),abs,6.0,558
abs,leverage machine,lever seated crunch v. 2,abs,6.0,559
chest,leverage machine,lever standing chest press,pectorals,6.0,560
arms,leverage machine,lever seated dip,triceps,6.0,561
legs,leverage machine,lever seated good morning,glutes,6.0,562
legs,leverage machine,lever seated leg curl,hamstrings,6.0,563
back,leverage machine,lever seated row,upper back,6.0,564
shoulders,leverage machine,lever seated shoulder press,delts,6.0,565
legs,leverage machine,lever seated squat calf raise on leg press machine,calves,6.0,566
legs,leverage machine,lever standing calf raise,calves,6.0,567
back,body weight,one arm against wall,lats,6.0,568
cardio,body weight,skater hops,cardiovascular system,6.0,569
legs,body weight,sissy squat,quads,6.0,570
legs,body weight,rear decline bridge,glutes,6.0,571
cardio,body weight,push to run,cardiovascular system,6.0,572
chest,bosu ball,push up on bosu ball,pectorals,6.0,573
abs,body weight,reverse plank with leg lift,abs,6.0,574
back,leverage machine,reverse grip machine lat pulldown,lats,6.0,575
arms,body weight,reverse dip,triceps,6.0,576
chest,body weight,push-up,pectorals,6.0,577
chest,bosu ball,push-up (bosu ball),pectorals,6.0,578
chest,stability ball,push-up (on stability ball),pectorals,6.0,579
abs,body weight,power point plank,abs,6.0,580
chest,stability ball,push-up (on stability ball),pectorals,6.0,581
chest,stability ball,push-up (on stability ball),pectorals,6.0,582
legs,body weight,quick feet v. 2,quads,6.0,583
chest,stability ball,push-up (on stability ball),pectorals,6.0,584
abs,body weight,push-up to side plank,abs,6.0,585
arms,dumbbell,push-up close-grip off dumbbell,triceps,6.0,586
legs,body weight,push-up inside leg kick,glutes,6.0,587
chest,body weight,push and pull bodyweight,pectorals,6.0,588
cardio,body weight,run (equipment),cardiovascular system,6.0,589
legs,body weight,single leg platform slide,hamstrings,6.0,590
abs,weighted,otis up,abs,6.0,591
abs,medicine ball,one arm slam (with medicine ball),abs,6.0,592
back,body weight,one arm towel row,upper back,6.0,593
chest,body weight,single arm push-up,pectorals,6.0,594
abs,body weight,side hip (on parallel bars),abs,6.0,595
legs,body weight,one leg donkey calf raise,calves,6.0,596
legs,body weight,one leg floor calf raise,calves,6.0,597
legs,body weight,one leg squat,glutes,6.0,598
legs,body weight,outside leg kick push-up,glutes,6.0,599
back,body weight,scapula dips,traps,6.0,600
legs,body weight,pike-to-cobra push-up,glutes,6.0,601
chest,body weight,shoulder tap push-up,pectorals,6.0,602
back,body weight,shoulder grip pull-up,lats,6.0,603
chest,body weight,plyo push up,pectorals,6.0,604
abs,body weight,posterior step to overhead reach,abs,6.0,605
abs,body weight,potty squat,abs,6.0,606
legs,body weight,potty squat with support,glutes,6.0,607
arms,leverage machine,lever overhand triceps dip,triceps,6.0,608
legs,leverage machine,lever lying two-one leg curl,hamstrings,6.0,609
legs,body weight,split squats,quads,6.0,610
legs,leverage machine,lever lying leg curl,hamstrings,6.0,611
legs,smith machine,smith single leg split squat,quads,6.0,612
shoulders,kettlebell,kettlebell arnold press,delts,6.0,613
shoulders,smith machine,smith shoulder press,delts,6.0,614
abs,kettlebell,kettlebell bent press,abs,6.0,615
shoulders,smith machine,smith seated shoulder press,delts,6.0,616
chest,smith machine,smith reverse-grip press,pectorals,6.0,617
back,smith machine,smith reverse grip bent over row,upper back,6.0,618
back,smith machine,smith narrow row,upper back,6.0,619
chest,smith machine,smith machine reverse decline close grip bench press,pectorals,6.0,620
arms,smith machine,smith machine incline tricep extension,triceps,6.0,621
arms,smith machine,smith machine decline close grip bench press,triceps,6.0,622
chest,smith machine,smith incline reverse-grip press,pectorals,6.0,623
abs,kettlebell,kettlebell double windmill,abs,6.0,624
chest,kettlebell,kettlebell extended range one arm press on floor,pectorals,6.0,625
legs,kettlebell,kettlebell front squat,glutes,6.0,626
legs,kettlebell,kettlebell goblet squat,glutes,6.0,627
chest,medicine ball,push-up medicine ball,pectorals,6.0,628
legs,smith machine,smith sprint lunge,glutes,6.0,629
back,kettlebell,kettlebell alternating row,upper back,6.0,630
chest,kettlebell,kettlebell alternating press on floor,pectorals,6.0,631
chest,smith machine,smith wide grip bench press,pectorals,6.0,632
legs,body weight,spider crawl push up,glutes,6.0,633
back,body weight,inverted row bent knees,upper back,6.0,634
abs,dumbbell,spell caster,abs,6.0,635
back,body weight,inverted row on bench,upper back,6.0,636
back,body weight,inverted row v. 2,upper back,6.0,637
back,body weight,inverted row with straps,upper back,6.0,638
chest,smith machine,smith wide grip decline bench press,pectorals,6.0,639
shoulders,smith machine,smith upright row,delts,6.0,640
shoulders,smith machine,smith standing behind head military press,delts,6.0,641
abs,body weight,jackknife sit-up,abs,6.0,642
abs,body weight,janda sit-up,abs,6.0,643
abs,kettlebell,kettlebell advanced windmill,abs,6.0,644
arms,kettlebell,kettlebell alternating hang clean,forearms,6.0,645
shoulders,kettlebell,kettlebell alternating press,delts,6.0,646
shoulders,smith machine,smith standing military press,delts,6.0,647
legs,smith machine,smith standing leg calf raise,calves,6.0,648
legs,kettlebell,kettlebell lunge pass through,glutes,6.0,649
chest,smith machine,smith incline bench press,pectorals,6.0,650
chest,kettlebell,kettlebell one arm floor press,pectorals,6.0,651
legs,leverage machine,lever donkey calf raise,calves,6.0,652
back,leverage machine,lever back extension,spine,6.0,653
chest,leverage machine,lever chest press,pectorals,6.0,654
legs,smith machine,smith bent knee good morning,glutes,6.0,655
chest,smith machine,smith bench press,pectorals,6.0,656
chest,leverage machine,lever chest press,pectorals,6.0,657
chest,leverage machine,lever chest press v. 2,pectorals,6.0,658
chest,leverage machine,lever decline chest press,pectorals,6.0,659
back,leverage machine,lever front pulldown,lats,6.0,660
back,smith machine,smith bent over row,upper back,6.0,661
back,leverage machine,lever gripless shrug,traps,6.0,662
back,leverage machine,lever gripless shrug v. 2,traps,6.0,663
legs,leverage machine,lever hip extension v. 2,glutes,6.0,664
legs,leverage machine,lever horizontal one leg press,glutes,6.0,665
chest,leverage machine,lever incline chest press,pectorals,6.0,666
shoulders,smith machine,smith behind neck press,delts,6.0,667
chest,leverage machine,lever incline chest press v. 2,pectorals,6.0,668
abs,body weight,leg pull in flat bench,abs,6.0,669
abs,barbell,landmine 180,abs,6.0,670
shoulders,kettlebell,kettlebell one arm military press to the side,delts,6.0,671
chest,smith machine,smith decline bench press,pectorals,6.0,672
back,kettlebell,kettlebell one arm row,upper back,6.0,673
shoulders,kettlebell,kettlebell seated press,delts,6.0,674
chest,smith machine,smith decline reverse-grip press,pectorals,6.0,675
shoulders,kettlebell,kettlebell seated two arm military press,delts,6.0,676
shoulders,kettlebell,kettlebell seesaw press,delts,6.0,677
back,kettlebell,kettlebell sumo high pull,traps,6.0,678
legs,kettlebell,kettlebell swing,glutes,6.0,679
shoulders,kettlebell,kettlebell two arm clean,delts,6.0,680
legs,smith machine,smith chair squat,quads,6.0,681
shoulders,kettlebell,kettlebell two arm military press,delts,6.0,682
back,kettlebell,kettlebell two arm row,upper back,6.0,683
abs,kettlebell,kettlebell windmill,abs,6.0,684
abs,body weight,knee touch crunch,abs,6.0,685
abs,body weight,kneeling plank tap shoulder (male),abs,6.0,686
chest,body weight,kneeling push-up (male),pectorals,6.0,687
arms,smith machine,smith close-grip bench press,triceps,6.0,688
arms,dumbbell,dumbbell standing bent over two arm triceps extension,triceps,6.0,689
arms,dumbbell,dumbbell reverse wrist curl,forearms,6.0,690
shoulders,dumbbell,dumbbell standing around world,delts,6.0,691
abs,cable,cable standing crunch,abs,6.0,692
back,band,band one arm standing low row,upper back,6.0,693
arms,band,band one arm overhead biceps curl,biceps,6.0,694
back,cable,cable shrug,traps,6.0,695
abs,cable,cable side bend,abs,6.0,696
abs,cable,cable side crunch,abs,6.0,697
arms,cable,cable squatting curl,biceps,6.0,698
arms,cable,cable standing back wrist curl,forearms,6.0,699
legs,cable,cable standing calf raise,calves,6.0,700
abs,cable,cable standing crunch (with rope attachment),abs,6.0,701
shoulders,cable,cable seated rear lateral raise,delts,6.0,702
arms,cable,cable standing inner curl,biceps,6.0,703
back,band,band kneeling one arm pulldown,lats,6.0,704
abs,cable,cable standing lift,abs,6.0,705
arms,cable,cable standing one arm triceps extension,triceps,6.0,706
legs,cable,cable standing one leg calf raise,calves,6.0,707
arms,cable,cable standing reverse grip one arm overhead tricep extension,triceps,6.0,708
abs,band,band jack knife sit-up,abs,6.0,709
abs,band,band horizontal pallof press,abs,6.0,710
shoulders,cable,cable seated shoulder internal rotation,delts,6.0,711
arms,cable,cable seated overhead curl,biceps,6.0,712
back,cable,cable straight arm pulldown,lats,6.0,713
arms,cable,cable rope hammer preacher curl,biceps,6.0,714
arms,cable,cable pushdown (with rope attachment),triceps,6.0,715
abs,cable,cable reverse crunch,abs,6.0,716
arms,cable,cable reverse curl,biceps,6.0,717
arms,cable,cable reverse grip triceps pushdown (sz-bar) (with arm blaster),triceps,6.0,718
arms,cable,cable reverse one arm curl,biceps,6.0,719
arms,cable,cable reverse preacher curl,biceps,6.0,720
arms,cable,cable reverse wrist curl,forearms,6.0,721
arms,cable,cable reverse-grip pushdown,triceps,6.0,722
arms,band,band side triceps extension,triceps,6.0,723
back,band,band one arm twisting seated row,upper back,6.0,724
back,band,band shrug,traps,6.0,725
arms,cable,cable rope one arm hammer preacher curl,biceps,6.0,726
shoulders,band,band reverse fly,delts,6.0,727
abs,band,band push sit-up,abs,6.0,728
legs,band,band pull through,glutes,6.0,729
arms,cable,cable seated curl,biceps,6.0,730
back,cable,cable seated one arm alternate row,upper back,6.0,731
arms,cable,cable seated one arm concentration curl,biceps,6.0,732
shoulders,cable,cable standing shoulder external rotation,delts,6.0,733
back,cable,cable straight arm pulldown (with rope),lats,6.0,734
arms,dumbbell,dumbbell cross body hammer curl,biceps,6.0,735
chest,dumbbell,dumbbell around pullover,pectorals,6.0,736
arms,dumbbell,dumbbell alternate biceps curl,biceps,6.0,737
arms,dumbbell,dumbbell alternate biceps curl (with arm blaster),biceps,6.0,738
arms,dumbbell,dumbbell alternate hammer preacher curl,biceps,6.0,739
arms,dumbbell,dumbbell alternate preacher curl,biceps,6.0,740
arms,dumbbell,dumbbell alternate seated hammer curl,biceps,6.0,741
shoulders,dumbbell,dumbbell alternate side press,delts,6.0,742
arms,dumbbell,dumbbell alternating bicep curl with leg raised on exercise ball,biceps,6.0,743
arms,dumbbell,dumbbell alternating seated bicep curl on exercise ball,biceps,6.0,744
arms,dumbbell,dumbbell bicep curl lunge with bowling motion,biceps,6.0,745
abs,body weight,decline sit-up,abs,6.0,746
arms,dumbbell,dumbbell bicep curl on exercise ball with leg raised,biceps,6.0,747
arms,dumbbell,dumbbell bicep curl with stork stance,biceps,6.0,748
arms,dumbbell,dumbbell biceps curl,biceps,6.0,749
arms,dumbbell,dumbbell biceps curl (with arm blaster),biceps,6.0,750
arms,dumbbell,dumbbell biceps curl reverse,biceps,6.0,751
arms,dumbbell,dumbbell biceps curl squat,biceps,6.0,752
arms,dumbbell,dumbbell biceps curl v sit on bosu ball,biceps,6.0,753
arms,dumbbell,dumbbell concentration curl,biceps,6.0,754
legs,body weight,donkey calf raise,calves,6.0,755
abs,body weight,decline crunch,abs,6.0,756
arms,cable,cable triceps pushdown (v-bar),triceps,6.0,757
arms,band,band concentration curl,biceps,6.0,758
legs,band,band hip lift,glutes,6.0,759
arms,cable,cable triceps pushdown (v-bar) (with arm blaster),triceps,6.0,760
abs,cable,cable tuck reverse crunch,abs,6.0,761
shoulders,band,band front lateral raise,delts,6.0,762
back,cable,cable twisting pull,lats,6.0,763
arms,cable,cable two arm curl on incline bench,biceps,6.0,764
arms,cable,cable two arm tricep kickback,triceps,6.0,765
arms,cable,cable wrist curl,forearms,6.0,766
back,band,band close-grip pulldown,lats,6.0,767
abs,body weight,dead bug,abs,6.0,768
back,barbell,cambered bar lying row,upper back,6.0,769
abs,body weight,captains chair straight leg raise,abs,6.0,770
legs,band,band bent-over hip extension,glutes,6.0,771
back,band,band assisted pull-up,lats,6.0,772
arms,body weight,close-grip push-up,triceps,6.0,773
abs,body weight,cocoons,abs,6.0,774
abs,body weight,crab twist toe touch,abs,6.0,775
legs,body weight,curtsey squat,glutes,6.0,776
back,cable,cable pushdown (straight arm) v. 2,lats,6.0,777
arms,cable,cable pushdown,triceps,6.0,778
arms,cable,cable preacher curl,biceps,6.0,779
arms,barbell,barbell lying extension,triceps,6.0,780
arms,barbell,barbell reverse curl,biceps,6.0,781
shoulders,barbell,barbell rear delt raise,delts,6.0,782
arms,barbell,barbell prone incline curl,biceps,6.0,783
arms,barbell,barbell preacher curl,biceps,6.0,784
arms,barbell,barbell palms up wrist curl over a bench,forearms,6.0,785
arms,barbell,barbell palms down wrist curl over a bench,forearms,6.0,786
arms,body weight,biceps narrow pull-ups,biceps,6.0,787
abs,body weight,bodyweight incline side plank,abs,6.0,788
arms,barbell,barbell lying back of the head tricep extension,triceps,6.0,789
legs,body weight,bench hip extension,glutes,6.0,790
arms,body weight,bodyweight kneeling triceps extension,triceps,6.0,791
arms,body weight,bodyweight side lying biceps curl,biceps,6.0,792
back,body weight,bodyweight squatting row,upper back,6.0,793
chest,barbell,barbell incline shoulder raise,serratus anterior,6.0,794
chest,barbell,barbell front raise and pullover,pectorals,6.0,795
arms,barbell,barbell drag curl,biceps,6.0,796
back,barbell,barbell decline bent arm pullover,lats,6.0,797
arms,barbell,barbell curl,biceps,6.0,798
arms,barbell,barbell reverse grip skullcrusher,triceps,6.0,799
arms,barbell,barbell reverse preacher curl,biceps,6.0,800
legs,band,band squat row,glutes,6.0,801
arms,barbell,barbell standing close grip curl,biceps,6.0,802
arms,barbell,barbell wrist curl,forearms,6.0,803
abs,barbell,barbell standing twist,abs,6.0,804
arms,barbell,barbell wrist curl v. 2,forearms,6.0,805
legs,barbell,barbell standing rocking leg calf raise,calves,6.0,806
arms,barbell,barbell standing reverse grip curl,biceps,6.0,807
legs,barbell,barbell standing leg calf raise,calves,6.0,808
shoulders,barbell,barbell standing front raise over head,delts,6.0,809
arms,barbell,barbell standing concentration curl,biceps,6.0,810
arms,barbell,barbell standing back wrist curl,forearms,6.0,811
arms,body weight,bench dip on floor,triceps,6.0,812
abs,barbell,barbell sitted alternate leg raise (female),abs,6.0,813
abs,barbell,barbell sitted alternate leg raise,abs,6.0,814
abs,barbell,barbell side bent v. 2,abs,6.0,815
cardio,body weight,bear crawl,cardiovascular system,6.0,816
abs,barbell,barbell seated twist,abs,6.0,817
arms,barbell,barbell seated close-grip concentration curl,biceps,6.0,818
abs,barbell,barbell rollerout,abs,6.0,819
arms,barbell,barbell reverse wrist curl,forearms,6.0,820
legs,body weight,bodyweight standing calf raise,calves,6.0,821
arms,barbell,barbell biceps curl (with arm blaster),biceps,6.0,822
back,body weight,bodyweight standing close-grip one arm row,upper back,6.0,823
arms,cable,cable one arm preacher curl,biceps,6.0,824
shoulders,cable,cable lateral raise,delts,6.0,825
arms,cable,cable lying bicep curl,biceps,6.0,826
arms,cable,cable lying close-grip curl,biceps,6.0,827
arms,cable,cable lying triceps extension v. 2,triceps,6.0,828
back,cable,cable one arm bent over row,upper back,6.0,829
arms,cable,cable one arm curl,biceps,6.0,830
chest,cable,cable one arm lateral bent-over,pectorals,6.0,831
shoulders,cable,cable one arm lateral raise,delts,6.0,832
arms,cable,cable one arm reverse preacher curl,biceps,6.0,833
back,body weight,bodyweight standing close-grip row,upper back,6.0,834
arms,cable,cable one arm tricep pushdown,triceps,6.0,835
arms,cable,cable overhead curl,biceps,6.0,836
shoulders,band,band twisting overhead press,delts,6.0,837
legs,band,band step-up,glutes,6.0,838
shoulders,band,band standing rear delt row,delts,6.0,839
arms,cable,cable overhead curl on exercise ball,biceps,6.0,840
back,cable,cable palm rotational row,upper back,6.0,841
arms,dumbbell,dumbbell standing alternating tricep kickback,triceps,6.0,842
arms,cable,cable kneeling triceps extension,triceps,6.0,843
shoulders,cable,cable kneeling rear delt row (with rope) (male),delts,6.0,844
arms,cable,cable kickback,triceps,6.0,845
arms,cable,cable incline triceps extension,triceps,6.0,846
back,body weight,bodyweight standing one arm row,upper back,6.0,847
back,barbell,barbell bent arm pullover,lats,6.0,848
back,body weight,bodyweight standing row,upper back,6.0,849
abs,body weight,bridge - mountain climber (cross body),abs,6.0,850
abs,body weight,butt-ups,abs,6.0,851
legs,cable,cable assisted inverse leg curl,hamstrings,6.0,852
arms,cable,cable close grip curl,biceps,6.0,853
arms,cable,cable concentration curl,biceps,6.0,854
arms,cable,cable concentration extension (on knee),triceps,6.0,855
shoulders,cable,cable cross-over revers fly,delts,6.0,856
arms,cable,cable curl,biceps,6.0,857
arms,cable,cable drag curl,biceps,6.0,858
shoulders,cable,cable forward raise,delts,6.0,859
shoulders,cable,cable front raise,delts,6.0,860
shoulders,cable,cable front shoulder raise,delts,6.0,861
arms,cable,cable hammer curl (with rope),biceps,6.0,862
legs,cable,cable hip adduction,adductors,6.0,863
legs,dumbbell,dumbbell contralateral forward lunge,glutes,6.0,864
arms,barbell,barbell standing wide-grip curl,biceps,6.0,865
arms,dumbbell,dumbbell cross body hammer curl v. 2,biceps,6.0,866
abs,assisted,assisted hanging knee raise with throw down,abs,6.0,867
legs,dumbbell,dumbbell plyo squat,glutes,6.0,868
arms,dumbbell,dumbbell preacher curl,biceps,6.0,869
arms,dumbbell,dumbbell preacher curl over exercise ball,biceps,6.0,870
arms,dumbbell,dumbbell pronate-grip triceps extension,triceps,6.0,871
arms,dumbbell,dumbbell prone incline curl,biceps,6.0,872
arms,dumbbell,dumbbell prone incline hammer curl,biceps,6.0,873
chest,dumbbell,dumbbell pullover,pectorals,6.0,874
chest,dumbbell,dumbbell pullover hip extension on exercise ball,pectorals,6.0,875
chest,dumbbell,dumbbell pullover on exercise ball,pectorals,6.0,876
shoulders,dumbbell,dumbbell raise,delts,6.0,877
arms,dumbbell,dumbbell over bench wrist curl,forearms,6.0,878
shoulders,dumbbell,dumbbell rear delt raise,delts,6.0,879
shoulders,dumbbell,dumbbell rear delt row_shoulder,delts,6.0,880
shoulders,dumbbell,dumbbell rear fly,delts,6.0,881
shoulders,dumbbell,dumbbell rear lateral raise,delts,6.0,882
shoulders,dumbbell,dumbbell rear lateral raise (support head),delts,6.0,883
legs,dumbbell,dumbbell rear lunge,glutes,6.0,884
chest,leverage machine,assisted chest dip (kneeling),pectorals,6.0,885
abs,body weight,arm slingers hanging straight legs,abs,6.0,886
shoulders,dumbbell,dumbbell reverse fly,delts,6.0,887
back,dumbbell,dumbbell palm rotational bent over row,upper back,6.0,888
arms,dumbbell,dumbbell over bench one arm wrist curl,forearms,6.0,889
arms,dumbbell,dumbbell one arm hammer press on exercise ball,triceps,6.0,890
chest,dumbbell,dumbbell decline fly,pectorals,6.0,891
shoulders,dumbbell,dumbbell one arm lateral raise,delts,6.0,892
shoulders,dumbbell,dumbbell one arm lateral raise with support,delts,6.0,893
chest,dumbbell,dumbbell one arm press on exercise ball,pectorals,6.0,894
arms,dumbbell,dumbbell one arm prone curl,biceps,6.0,895
arms,dumbbell,dumbbell one arm prone hammer curl,biceps,6.0,896
chest,dumbbell,dumbbell one arm pullover on exercise ball,pectorals,6.0,897
shoulders,dumbbell,dumbbell one arm reverse fly (with support),delts,6.0,898
chest,dumbbell,dumbbell one arm reverse grip press,pectorals,6.0,899
arms,dumbbell,dumbbell one arm reverse preacher curl,biceps,6.0,900
arms,dumbbell,dumbbell one arm seated bicep curl on exercise ball,biceps,6.0,901
arms,dumbbell,dumbbell over bench one arm reverse wrist curl,forearms,6.0,902
arms,dumbbell,dumbbell one arm seated hammer curl,biceps,6.0,903
arms,dumbbell,dumbbell one arm seated neutral wrist curl,forearms,6.0,904
arms,dumbbell,dumbbell one arm standing curl,biceps,6.0,905
arms,dumbbell,dumbbell one arm standing hammer curl,biceps,6.0,906
arms,dumbbell,dumbbell one arm triceps extension (on bench),triceps,6.0,907
shoulders,dumbbell,dumbbell one arm upright row,delts,6.0,908
arms,dumbbell,dumbbell one arm wrist curl,forearms,6.0,909
chest,dumbbell,dumbbell one leg fly on exercise ball,pectorals,6.0,910
arms,dumbbell,dumbbell over bench neutral wrist curl,biceps,6.0,911
back,dumbbell,dumbbell reverse grip incline bench one arm row,upper back,6.0,912
back,dumbbell,dumbbell reverse grip incline bench two arm row,upper back,6.0,913
back,dumbbell,dumbbell reverse grip row (female),upper back,6.0,914
arms,dumbbell,dumbbell seated triceps extension,triceps,6.0,915
arms,dumbbell,dumbbell seated one arm bicep curl on exercise ball with leg raised,biceps,6.0,916
arms,dumbbell,dumbbell seated one arm kickback,triceps,6.0,917
arms,dumbbell,dumbbell seated one arm rotate,forearms,6.0,918
legs,dumbbell,dumbbell seated one leg calf raise,calves,6.0,919
legs,dumbbell,dumbbell seated one leg calf raise - hammer grip,calves,6.0,920
legs,dumbbell,dumbbell seated one leg calf raise - palm up,calves,6.0,921
arms,dumbbell,dumbbell seated palms up wrist curl,forearms,6.0,922
arms,dumbbell,dumbbell seated preacher curl,biceps,6.0,923
arms,dumbbell,dumbbell seated reverse grip one arm overhead tricep extension,triceps,6.0,924
back,dumbbell,dumbbell shrug,traps,6.0,925
arms,dumbbell,dumbbell reverse preacher curl,biceps,6.0,926
abs,dumbbell,dumbbell side bend,abs,6.0,927
shoulders,dumbbell,dumbbell side lying one hand raise,delts,6.0,928
back,dumbbell,dumbbell side plank with rear fly,upper back,6.0,929
legs,dumbbell,dumbbell single leg calf raise,calves,6.0,930
legs,dumbbell,dumbbell single leg split squat,quads,6.0,931
legs,dumbbell,dumbbell single leg squat,glutes,6.0,932
legs,dumbbell,dumbbell squat,glutes,6.0,933
arms,dumbbell,dumbbell standing alternate hammer curl and press,biceps,6.0,934
shoulders,dumbbell,dumbbell standing alternate raise,delts,6.0,935
arms,dumbbell,dumbbell seated neutral wrist curl,biceps,6.0,936
shoulders,dumbbell,dumbbell seated lateral raise v. 2,delts,6.0,937
shoulders,dumbbell,dumbbell seated lateral raise,delts,6.0,938
arms,dumbbell,dumbbell seated kickback,triceps,6.0,939
chest,body weight,archer push up,pectorals,6.0,940
arms,dumbbell,dumbbell reverse spider curl,biceps,6.0,941
shoulders,dumbbell,dumbbell rotation reverse fly,delts,6.0,942
shoulders,dumbbell,dumbbell seated alternate front raise,delts,6.0,943
abs,body weight,air bike,abs,6.0,944
arms,dumbbell,dumbbell seated alternate hammer curl on exercise ball,biceps,6.0,945
shoulders,dumbbell,dumbbell seated alternate press,delts,6.0,946
shoulders,dumbbell,dumbbell seated alternate shoulder,delts,6.0,947
arms,dumbbell,dumbbell seated bench extension,triceps,6.0,948
shoulders,dumbbell,dumbbell seated bent arm lateral raise,delts,6.0,949
arms,dumbbell,dumbbell seated bent over alternate kickback,triceps,6.0,950
arms,dumbbell,dumbbell seated bent over triceps extension,triceps,6.0,951
arms,dumbbell,dumbbell seated bicep curl,biceps,6.0,952
arms,dumbbell,dumbbell seated biceps curl (on stability ball),biceps,6.0,953
legs,dumbbell,dumbbell seated calf raise,calves,6.0,954
arms,dumbbell,dumbbell seated curl,biceps,6.0,955
shoulders,dumbbell,dumbbell seated front raise,delts,6.0,956
arms,dumbbell,dumbbell seated hammer curl,biceps,6.0,957
arms,dumbbell,dumbbell seated inner biceps curl,biceps,6.0,958
arms,dumbbell,dumbbell one arm kickback,triceps,6.0,959
arms,dumbbell,dumbbell one arm reverse spider curl,biceps,6.0,960
shoulders,dumbbell,dumbbell lateral raise,delts,6.0,961
arms,dumbbell,dumbbell incline inner biceps curl,biceps,6.0,962
chest,leverage machine,assisted wide-grip chest dip (kneeling),pectorals,6.0,963
shoulders,dumbbell,dumbbell lying rear lateral raise,delts,6.0,964
arms,dumbbell,dumbbell lying pronation on floor,forearms,6.0,965
arms,dumbbell,dumbbell lying pronation,forearms,6.0,966
arms,dumbbell,dumbbell lying one arm supinated triceps extension,triceps,6.0,967
shoulders,dumbbell,dumbbell lying one arm rear lateral raise,delts,6.0,968
shoulders,dumbbell,dumbbell lying one arm deltoid rear,delts,6.0,969
chest,dumbbell,dumbbell incline breeding,pectorals,6.0,970
arms,dumbbell,dumbbell incline curl,biceps,6.0,971
arms,dumbbell,dumbbell incline curl v. 2,biceps,6.0,972
arms,dumbbell,dumbbell incline hammer curl,biceps,6.0,973
shoulders,dumbbell,dumbbell lying on floor rear delt raise,delts,6.0,974
legs,dumbbell,dumbbell lying femoral,hamstrings,6.0,975
shoulders,dumbbell,dumbbell lying external shoulder rotation,delts,6.0,976
arms,dumbbell,dumbbell lying alternate extension,triceps,6.0,977
arms,dumbbell,dumbbell incline biceps curl,biceps,6.0,978
arms,dumbbell,dumbbell lying  extension (across face),triceps,6.0,979
arms,dumbbell,dumbbell lunge with bicep curl,biceps,6.0,980
legs,dumbbell,dumbbell lunge,glutes,6.0,981
shoulders,dumbbell,dumbbell lateral to front raise,delts,6.0,982
arms,assisted,assisted standing triceps extension (with towel),triceps,6.0,983
shoulders,dumbbell,dumbbell incline one arm lateral raise,delts,6.0,984
shoulders,dumbbell,dumbbell incline raise,delts,6.0,985
arms,dumbbell,dumbbell one arm hammer preacher curl,biceps,6.0,986
arms,dumbbell,dumbbell kneeling bicep curl exercise ball,biceps,6.0,987
arms,dumbbell,dumbbell kickbacks on exercise ball,triceps,6.0,988
arms,dumbbell,dumbbell kickback,triceps,6.0,989
back,dumbbell,dumbbell incline y-raise,upper back,6.0,990
arms,dumbbell,dumbbell incline triceps extension,triceps,6.0,991
arms,leverage machine,assisted triceps dip (kneeling),triceps,6.0,992
arms,dumbbell,dumbbell lying single extension,triceps,6.0,993
arms,dumbbell,dumbbell lying one arm pronated triceps extension,triceps,6.0,994
arms,dumbbell,dumbbell high curl,biceps,6.0,995
arms,dumbbell,dumbbell lying supine biceps curl,biceps,6.0,996
chest,dumbbell,dumbbell one arm fly on exercise ball,pectorals,6.0,997
chest,dumbbell,dumbbell decline one arm fly,pectorals,6.0,998
chest,dumbbell,dumbbell one arm chest fly on exercise ball,pectorals,6.0,999
back,dumbbell,dumbbell one arm bent-over row,upper back,6.0,1000
chest,dumbbell,dumbbell one arm bench fly,pectorals,6.0,1001
arms,dumbbell,dumbbell decline triceps extension,triceps,6.0,1002
chest,dumbbell,dumbbell decline twist fly,pectorals,6.0,1003
arms,dumbbell,dumbbell lying wide curl,biceps,6.0,1004
arms,dumbbell,dumbbell lying triceps extension,triceps,6.0,1005
arms,dumbbell,dumbbell hammer curls (with arm blaster),biceps,6.0,1006
arms,dumbbell,dumbbell lying supine curl,biceps,6.0,1007
legs,body weight,backward jump,quads,6.0,1008
shoulders,dumbbell,dumbbell incline t-raise,delts,6.0,1009
arms,dumbbell,dumbbell lying supination,forearms,6.0,1010
shoulders,dumbbell,dumbbell full can lateral raise,delts,6.0,1011
back,stability ball,back extension on exercise ball,spine,6.0,1012
arms,dumbbell,dumbbell hammer curl,biceps,6.0,1013
arms,dumbbell,dumbbell hammer curl v. 2,biceps,6.0,1014
legs,dumbbell,dumbbell goblet squat,quads,6.0,1015
arms,dumbbell,dumbbell hammer curl on exercise ball,biceps,6.0,1016
arms,dumbbell,dumbbell lying supination on floor,forearms,6.0,1017
abs,assisted,assisted sit-up,abs,6.0,1018
abs,smith machine,smith hip raise,abs,5.0,1019
arms,body weight,triceps dip,triceps,5.0,1020
abs,weighted,weighted crunch,abs,5.0,1021
legs,barbell,barbell floor calf raise,calves,5.0,1022
abs,band,band alternating v-up,abs,5.0,1023
shoulders,barbell,barbell front raise,delts,5.0,1024
arms,body weight,side push-up,triceps,5.0,1025
arms,body weight,triceps dip (bench leg),triceps,5.0,1026
legs,body weight,side plank hip adduction,adductors,5.0,1027
arms,body weight,triceps dip (between benches),triceps,5.0,1028
abs,weighted,weighted decline sit-up,abs,5.0,1029
arms,body weight,triceps dips floor,triceps,5.0,1030
back,smith machine,smith back shrug,traps,5.0,1031
cardio,body weight,ski step,cardiovascular system,5.0,1032
cardio,leverage machine,walking on incline treadmill,cardiovascular system,5.0,1033
chest,smith machine,smith incline shoulder raises,serratus anterior,5.0,1034
abs,body weight,tuck crunch,abs,5.0,1035
abs,body weight,side-to-side toe touch (male),abs,5.0,1036
back,cable,twin handle parallel grip lat pulldown,lats,5.0,1037
legs,body weight,side hip abduction,abductors,5.0,1038
abs,body weight,twisted leg raise,abs,5.0,1039
abs,body weight,twisted leg raise (female),abs,5.0,1040
legs,body weight,single leg bridge with outstretched leg,glutes,5.0,1041
arms,band,band alternating biceps curl,biceps,5.0,1042
legs,dumbbell,single leg calf raise (on a dumbbell),calves,5.0,1043
abs,body weight,v-sit on floor,abs,5.0,1044
cardio,stepmill machine,walking on stepmill,cardiovascular system,5.0,1045
legs,body weight,balance board,quads,5.0,1046
abs,assisted,assisted lying leg raise with throw down,abs,5.0,1047
abs,band,band assisted wheel rollerout,abs,5.0,1048
abs,band,band kneeling twisting crunch,abs,5.0,1049
legs,band,band two legs calf raise - (band under both legs) v. 2,calves,5.0,1050
back,smith machine,smith shrug,traps,5.0,1051
shoulders,weighted,weighted front raise,delts,5.0,1052
abs,band,band standing twisting crunch,abs,5.0,1053
back,weighted,weighted hyperextension (on stability ball),spine,5.0,1054
abs,weighted,weighted overhead crunch (on stability ball),abs,5.0,1055
abs,medicine ball,assisted motion russian twist,abs,5.0,1056
shoulders,weighted,weighted round arm,delts,5.0,1057
abs,band,band standing crunch,abs,5.0,1058
legs,body weight,standing calves,calves,5.0,1059
abs,band,band lying straight leg raise,abs,5.0,1060
abs,wheel roller,standing wheel rollerout,abs,5.0,1061
abs,stability ball,stability ball crunch (full range hands behind head),abs,5.0,1062
abs,weighted,weighted side bend (on stability ball),abs,5.0,1063
abs,weighted,weighted seated twist (on stability ball),abs,5.0,1064
abs,assisted,assisted lying leg raise with lateral throw down,abs,5.0,1065
legs,band,band single leg reverse calf raise,calves,5.0,1066
legs,smith machine,smith toe raise,calves,5.0,1067
legs,band,band single leg calf raise,calves,5.0,1068
abs,band,band seated twist,abs,5.0,1069
legs,band,band seated hip internal rotation,glutes,5.0,1070
arms,band,band reverse wrist curl,forearms,5.0,1071
legs,body weight,standing single leg curl,hamstrings,5.0,1072
legs,body weight,straight leg outer hip abductor,abductors,5.0,1073
chest,body weight,wide hand push up,pectorals,5.0,1074
abs,assisted,assisted hanging knee raise,abs,5.0,1075
abs,band,band bicycle crunch,abs,5.0,1076
arms,smith machine,smith machine bicep curl,biceps,5.0,1077
arms,band,band close-grip push-up,triceps,5.0,1078
arms,barbell,barbell alternate biceps curl,biceps,5.0,1079
shoulders,band,band y-raise,delts,5.0,1080
abs,body weight,suspended reverse crunch,abs,5.0,1081
back,smith machine,smith one arm row,upper back,5.0,1082
legs,smith machine,smith one leg floor calf raise,calves,5.0,1083
abs,body weight,arm slingers hanging bent knee legs,abs,5.0,1084
chest,weighted,weighted svend press,pectorals,5.0,1085
abs,weighted,weighted front plank,abs,5.0,1086
back,band,band underhand pulldown,lats,5.0,1087
shoulders,band,band front raise,delts,5.0,1088
shoulders,smith machine,smith rear delt row,delts,5.0,1089
legs,smith machine,smith reverse calf raises,calves,5.0,1090
legs,smith machine,smith reverse calf raises,calves,5.0,1091
arms,weighted,weighted standing curl,biceps,5.0,1092
legs,smith machine,smith reverse calf raises,calves,5.0,1093
legs,smith machine,smith reverse calf raises,calves,5.0,1094
abs,band,band vertical pallof press,abs,5.0,1095
abs,band,band v-up,abs,5.0,1096
legs,smith machine,smith seated one leg calf raise,calves,5.0,1097
legs,body weight,twist hip lift,glutes,5.0,1098
cardio,body weight,mountain climber,cardiovascular system,5.0,1099
legs,leverage machine,lever seated hip adduction,adductors,5.0,1100
arms,leverage machine,lever triceps extension,triceps,5.0,1101
abs,stability ball,crunch (on stability ball),abs,5.0,1102
abs,body weight,crunch floor,abs,5.0,1103
abs,body weight,curl-up,abs,5.0,1104
abs,kettlebell,kettlebell figure 8,abs,5.0,1105
back,body weight,lower back curl,spine,5.0,1106
abs,cable,cable russian twists (on stability ball),abs,5.0,1107
arms,dumbbell,dumbbell finger curls,forearms,5.0,1108
abs,body weight,lying elbow to knee,abs,5.0,1109
abs,body weight,lying leg raise flat bench,abs,5.0,1110
abs,body weight,lying leg-hip raise,abs,5.0,1111
shoulders,dumbbell,dumbbell front raise,delts,5.0,1112
arms,body weight,modified push up to lower arms,forearms,5.0,1113
shoulders,dumbbell,dumbbell front raise v. 2,delts,5.0,1114
arms,stability ball,narrow push-up on exercise ball,triceps,5.0,1115
cardio,rope,jump rope,cardiovascular system,5.0,1116
abs,body weight,negative crunch,abs,5.0,1117
abs,body weight,oblique crunch v. 2,abs,5.0,1118
chest,body weight,isometric chest squeeze,pectorals,5.0,1119
arms,olympic barbell,olympic barbell hammer curl,biceps,5.0,1120
legs,body weight,iron cross stretch,glutes,5.0,1121
abs,body weight,incline twisting sit-up,abs,5.0,1122
abs,body weight,inchworm v. 2,abs,5.0,1123
legs,body weight,pelvic tilt into bridge,glutes,5.0,1124
abs,body weight,inchworm,abs,5.0,1125
legs,body weight,hands reversed clasped circular toe touch (male),glutes,5.0,1126
abs,cable,cable seated crunch,abs,5.0,1127
abs,leverage machine,lever seated twist,abs,5.0,1128
abs,body weight,prisoner half sit-up (male),abs,5.0,1129
shoulders,leverage machine,lever seated reverse fly (parallel grip),delts,5.0,1130
legs,rope,calf stretch with rope,calves,5.0,1131
abs,body weight,l-sit on floor,abs,5.0,1132
legs,body weight,calf stretch with hands against wall,calves,5.0,1133
legs,body weight,calf push stretch with hands against wall,calves,5.0,1134
arms,leverage machine,lever bicep curl,biceps,5.0,1135
abs,cable,cable twist (up-down),abs,5.0,1136
abs,cable,cable twist,abs,5.0,1137
arms,leverage machine,lever hammer grip preacher curl,biceps,5.0,1138
abs,leverage machine,lever kneeling twist,abs,5.0,1139
shoulders,leverage machine,lever lateral raise,delts,5.0,1140
legs,leverage machine,lever leg extension,quads,5.0,1141
chest,body weight,chest and front of shoulder stretch,pectorals,5.0,1142
chest,stability ball,chest stretch with exercise ball,pectorals,5.0,1143
arms,leverage machine,lever preacher curl,biceps,5.0,1144
arms,leverage machine,lever preacher curl v. 2,biceps,5.0,1145
arms,leverage machine,lever reverse grip preacher curl,biceps,5.0,1146
legs,body weight,circles knee stretch,calves,5.0,1147
arms,body weight,close-grip push-up (on knees),triceps,5.0,1148
legs,body weight,kick out sit,hamstrings,5.0,1149
chest,leverage machine,lever seated fly,pectorals,5.0,1150
legs,leverage machine,lever seated hip abduction,abductors,5.0,1151
abs,body weight,cross body crunch,abs,5.0,1152
abs,body weight,crunch (hands overhead),abs,5.0,1153
abs,cable,cable seated twist,abs,5.0,1154
shoulders,leverage machine,lever seated reverse fly,delts,5.0,1155
legs,body weight,chair leg extended stretch,quads,5.0,1156
abs,cable,cable kneeling crunch,abs,5.0,1157
abs,stability ball,prone twist on stability ball,abs,5.0,1158
legs,body weight,bent knee lying twist (male),glutes,5.0,1159
abs,roller,roller body saw,abs,5.0,1160
cardio,body weight,half knee bends (male),cardiovascular system,5.0,1161
abs,body weight,front plank with twist,abs,5.0,1162
abs,stability ball,pull-in (on stability ball),abs,5.0,1163
cardio,body weight,run,cardiovascular system,5.0,1164
abs,body weight,russian twist,abs,5.0,1165
arms,body weight,bench dip (knees bent),triceps,5.0,1166
chest,body weight,scapula push-up,serratus anterior,5.0,1167
abs,body weight,flexion leg sit up (straight arm),abs,5.0,1168
abs,body weight,flexion leg sit up (bent knee),abs,5.0,1169
abs,body weight,seated leg raise,abs,5.0,1170
legs,stability ball,exercise ball seated hamstring stretch,hamstrings,5.0,1171
abs,body weight,seated side crunch (wall),abs,5.0,1172
back,stability ball,exercise ball lower back stretch (pyramid),lats,5.0,1173
legs,stability ball,exercise ball hip flexor stretch,glutes,5.0,1174
back,stability ball,exercise ball alternating arm ups,lats,5.0,1175
legs,body weight,basic toe touch (male),glutes,5.0,1176
cardio,body weight,short stride run,cardiovascular system,5.0,1177
abs,body weight,45 side bend,abs,5.0,1178
legs,body weight,side bridge hip abduction,abductors,5.0,1179
abs,body weight,side bridge v. 2,abs,5.0,1180
abs,body weight,half sit-up (male),abs,5.0,1181
abs,roller,roller reverse crunch,abs,5.0,1182
shoulders,barbell,landmine lateral raise,delts,5.0,1183
chest,resistance band,resistance band seated chest press,pectorals,5.0,1184
chest,body weight,push-up plus,pectorals,5.0,1185
arms,body weight,push-up on lower arms,triceps,5.0,1186
chest,upper body ergometer,hands bike,pectorals,5.0,1187
legs,body weight,hands clasped circular toe touch (male),glutes,5.0,1188
legs,resistance band,resistance band hip thrusts on knees (female),glutes,5.0,1189
arms,resistance band,resistance band seated biceps curl,biceps,5.0,1190
legs,resistance band,resistance band leg extension,quads,5.0,1191
legs,resistance band,resistance band seated hip abduction,abductors,5.0,1192
shoulders,resistance band,resistance band seated shoulder press,delts,5.0,1193
back,resistance band,resistance band seated straight back row,upper back,5.0,1194
chest,body weight,push-up (wall),pectorals,5.0,1195
abs,body weight,reverse crunch,abs,5.0,1196
legs,stability ball,reverse hyper extension (on stability ball),glutes,5.0,1197
legs,body weight,reverse hyper on flat bench,glutes,5.0,1198
back,stability ball,exercise ball hug,spine,4.0,1199
legs,body weight,world greatest stretch,hamstrings,4.0,1200
chest,body weight,dynamic chest stretch (male),pectorals,4.0,1201
abs,body weight,alternate heel touchers,abs,4.0,1202
legs,assisted,assisted side lying adductor stretch,adductors,4.0,1203
chest,assisted,assisted seated pectoralis major stretch with stability ball,pectorals,4.0,1204
cardio,elliptical machine,walk elliptical cross trainer,cardiovascular system,4.0,1205
legs,body weight,arms apart circular toe touch (male),glutes,4.0,1206
back,stability ball,exercise ball lat stretch,lats,4.0,1207
abs,assisted,assisted prone rectus femoris stretch,abs,4.0,1208
back,stability ball,exercise ball lying side lat stretch,lats,4.0,1209
legs,body weight,hamstring stretch,hamstrings,4.0,1210
cardio,body weight,back and forth step,cardiovascular system,4.0,1211
back,body weight,kneeling lat stretch,lats,4.0,1212
arms,weighted,weighted standing hand squeeze,forearms,4.0,1213
arms,stability ball,exercise ball seated triceps stretch,triceps,4.0,1214
legs,body weight,flutter kicks,glutes,4.0,1215
legs,assisted,assisted prone hamstring,hamstrings,4.0,1216
arms,weighted,wrist rollerer,forearms,4.0,1217
legs,body weight,quads,quads,4.0,1218
legs,body weight,seated wide angle pose sequence,hamstrings,4.0,1219
legs,body weight,self assisted inverse leg curl,hamstrings,4.0,1220
arms,body weight,overhead triceps stretch,triceps,4.0,1221
abs,body weight,pelvic tilt,abs,4.0,1222
legs,body weight,self assisted inverse leg curl,hamstrings,4.0,1223
abs,body weight,sit-up v. 2,abs,4.0,1224
legs,body weight,butterfly yoga pose,adductors,4.0,1225
arms,band,band wrist curl,forearms,4.0,1226
abs,body weight,sit-up with arms on chest,abs,4.0,1227
abs,body weight,quarter sit-up,abs,4.0,1228
legs,body weight,seated piriformis stretch,glutes,4.0,1229
abs,body weight,oblique crunches floor,abs,4.0,1230
legs,rope,reclining big toe pose with rope,hamstrings,4.0,1231
legs,body weight,rocking frog stretch,glutes,4.0,1232
back,roller,roller back stretch,spine,4.0,1233
legs,roller,roller hip lat stretch,glutes,4.0,1234
legs,roller,roller hip stretch,glutes,4.0,1235
back,roller,roller side lat stretch,lats,4.0,1236
back,body weight,seated lower back stretch,lats,4.0,1237
chest,assisted,behind head chest stretch,pectorals,4.0,1238
legs,body weight,seated calf stretch (male),calves,4.0,1239
arms,smith machine,smith seated wrist curl,forearms,4.0,1240
legs,body weight,self assisted inverse leg curl,hamstrings,4.0,1241
back,body weight,spine stretch,spine,4.0,1242
arms,smith machine,smith standing back wrist curl,forearms,4.0,1243
cardio,stationary bike,stationary bike run v. 3,cardiovascular system,4.0,1244
back,body weight,standing pelvic tilt,spine,4.0,1245
back,body weight,standing lateral stretch,lats,4.0,1246
legs,rope,standing hamstring and calf stretch with strap,hamstrings,4.0,1247
legs,band,band lying hip internal rotation,glutes,4.0,1248
legs,body weight,side lying hip adduction (male),adductors,4.0,1249
back,rope,london bridge,upper back,4.0,1250
abs,body weight,spine twist,abs,4.0,1251
legs,body weight,seated glute stretch,glutes,4.0,1252
abs,body weight,shoulder tap,abs,4.0,1253
legs,body weight,low glute bridge on floor,glutes,4.0,1254
back,body weight,sphinx,spine,4.0,1255
legs,body weight,self assisted inverse leg curl,hamstrings,4.0,1256
legs,body weight,march sit (wall),glutes,4.0,1257
legs,body weight,monster walk,glutes,4.0,1258
arms,body weight,side wrist pull stretch,forearms,3.0,1259
legs,body weight,all fours squad stretch,quads,3.0,1260
neck,body weight,side push neck stretch,levator scapulae,3.0,1261
arms,body weight,wrist circles,forearms,3.0,1262
legs,body weight,self assisted inverse leg curl (on floor),hamstrings,3.0,1263
legs,assisted,assisted lying calves stretch,calves,3.0,1264
legs,body weight,leg up hamstring stretch,hamstrings,3.0,1265
legs,assisted,assisted lying glutes stretch,glutes,3.0,1266
legs,assisted,assisted lying gluteus and piriformis stretch,glutes,3.0,1267
arms,body weight,triceps stretch,triceps,3.0,1268
legs,body weight,standing calves calf stretch,calves,3.0,1269
back,body weight,upper back stretch,upper back,3.0,1270
back,body weight,upward facing dog,spine,3.0,1271
cardio,leverage machine,cycle cross trainer,cardiovascular system,3.0,1272
legs,body weight,lying (side) quads stretch,quads,3.0,1273
back,body weight,back pec stretch,lats,3.0,1274
neck,body weight,neck side stretch,levator scapulae,3.0,1275
legs,rope,intermediate hip flexor and quad stretch,quads,3.0,1276
legs,rope,peroneals stretch,calves,3.0,1277
legs,rope,posterior tibialis stretch,calves,3.0,1278
cardio,leverage machine,stationary bike walk,cardiovascular system,3.0,1279
shoulders,body weight,rear deltoid stretch,delts,3.0,1280
legs,assisted,assisted prone lying quads stretch,quads,3.0,1281
back,body weight,side lying floor stretch,lats,3.0,1282
legs,body weight,ankle circles,calves,2.0,1283
